name,reviews,locations,description
Le Wagon,1454 Reviews,Amsterdam Bali Barcelona Belo Horizonte +31 More,FullStack program
Udacity,1090 Reviews,Online,Front End Web Developer AI Programming with Python Full Stack Web Developer Java Developer +29 More
App Academy,824 Reviews,OnlineNew York City San Francisco,Software Engineer Track: In-Person Software Engineer Track: Online Bootcamp Prep
Ironhack,794 Reviews,Amsterdam Barcelona Berlin Lisbon +5 More,Web Development Part-Time Web Development Bootcamp UX/UI Design Bootcamp UX/UI Design Part-Time
General Assembly,704 Reviews,OnlineAtlanta Austin Boston Chicago +23 More,Software Engineering Immersive User Experience Design Immersive Data Science Front-End Web Development +10 More
Hackwagon Academy,530 Reviews,Singapore,Data Science Web Development Cyber Security 101
Bloc,332 Reviews,Online,Designer Track Web Developer Track
Coding Dojo,297 Reviews,OnlineArlington Oakland Boise Chicago +4 More,Onsite Full-Time Coding Bootcamp Online Part-Time Coding Bootcamp Data Science Immersive One-Day Intro to Programming
GreyAtom School of Data Science,289 Reviews,Mumbai,Immersive Data Science Engineering Bootcamp
NYC Data Science Academy,279 Reviews,OnlineNew York City,Data Science with Python: Machine Learning Data Science with Tableau Deep Learning Data Science with Python: Data Analysis and Visualization +5 More
Makers Academy,248 Reviews,London,Web Development Bootcamp
Dataquest,245 Reviews,Online,Python for Data Analysis R for Data Analysis
Actualize,217 Reviews,OnlineChicago,Actualize Coding Bootcamp: Part-Time Actualize Coding Bootcamp: Online Live Actualize Coding Bootcamp: Full-Time
Codesmith,217 Reviews,OnlineLos Angeles New York City,Full Stack Software Engineering Immersive Program CS Prep JavaScript for Beginners Part-time Remote Software Engineering Immersive
The Tech Academy,213 Reviews,OnlineWheat Ridge Portland Salt Lake City Renton,Software Developer Boot Camp Python Boot Camp C# and .NET Framework Boot Camp Front-End Web Developer Boot Camp
Product Gym,203 Reviews,New York City,Product Management
Product School,200 Reviews,OnlineAustin Bellevue Boston Denver +12 More,Product Management Certificate Full Stack Product Management Certificate Product Leadership Certificate
BrainStation,187 Reviews,OnlineBoston Chicago New York City Toronto +1 More,Web Development Digital Marketing User Experience Design Diploma User Interface Design +21 More
BrainStation,187 Reviews,OnlineBoston Chicago New York City Toronto +1 More,Web Development Digital Marketing User Experience Design Diploma User Interface Design +21 More
Lambda School,163 Reviews,Online,Full-Time Computer Science & Software Engineering Part-Time Computer Science & Software Engineering Part-time Machine Learning & Artificial Intelligence Full-time Machine Learning & Artificial Intelligence +2 More
Tech Talent South,161 Reviews,Asheville Atlanta Charlotte Columbus +6 More,Full-Time Code Immersion Program Part-Time Code Immersion Program Intro to Website Design & Creation JavaScript 101 +4 More
Hacktiv8,156 Reviews,Jakarta,Front End Web Development Basics On-Campus Immersive Agile Scrum in Partnership with AgileView Remote Immersive +2 More
Designlab,150 Reviews,Online,Design 101 UX Research & Strategy UX: Interaction Design UX Academy +1 More
Epicodus,149 Reviews,OnlinePortland Seattle,Intro to Programming (part-time evening) C# and React Ruby and React JS + React
RMOTR,142 Reviews,Online,Data Science with Python Web Development with Django
UXER School,141 Reviews,Barcelona Madrid Valencia,User Experience Immersive Virtual Reality Design Immersive Design Research Course Design Sprint Series +2 More
Xccelerate,140 Reviews,Hong Kong,Blockchain Fundamentals Data Science & Machine Learning Immersive Bootcamp (Full-time) Python Fundamentals Software Engineering Immersive Bootcamp (Full-time) +6 More
Tech Elevator,138 Reviews,Cincinnati Cleveland Columbus Detroit +2 More,.NET Bootcamp - Summer 2020 (CLE CBUS CINCY DET PGH) 5/11 - 8/14 .NET Bootcamp - Spring 2020 (CLE CBUS CINCY DET PGH) 1/13 - 4/17 Java Bootcamp - Summer 2020 (CLE CBUS CINCY DET PGH) 5/11 - 8/14 Java Bootcamp - Spring 2020 (PHL) 1/27 - 5/1 +5 More
Startup Institute,138 Reviews,Boston,Introduction to Digital Marketing Web Design + UX/UI (Nights & Weekends) Digital Marketing (Nights & Weekends) Coding with Ruby on Rails (Nights & Weekends) +4 More
Skylab Coders Academy,126 Reviews,Barcelona,Web Development Bootcamp with Javascript (11 weeks )
Galvanize,122 Reviews,OnlineAustin Boulder Denver Los Angeles +4 More,Software Engineering Immersive Data Science Immersive Data Science Prep
LearningFuze,120 Reviews,OnlineIrvine Orange County San Diego,Full Immersion 12-Week Program Root Level 1 (2-week part-time course) React 101 (2-week part-time course - coming soon) Root JS (2-week part-time course) +1 More
Ubiqum Code Academy,114 Reviews,Amsterdam Barcelona Berlin Madrid,Web Development with Java Data Analytics & Machine Learning Web Development with JavaScript
Claim Academy,112 Reviews,St. Louis,Full Stack Java Software Engineering Cohort .Net Full Stack Software Engineering Cohort
CareerFoundry,110 Reviews,OnlineBerlin,UX Design UI Design Voice User Interface Design Frontend Development for Designers +4 More
Lighthouse Labs,107 Reviews,Calgary Montreal Ottawa Toronto +2 More,Web Development Bootcamp Intro to Web Development Intro to Front-End with JavaScript
Data Science Dojo,104 Reviews,Albuquerque Austin Barcelona New York City +3 More,5-Day Data Science Bootcamp
The Software Guild,100 Reviews,OnlineLouisville Minneapolis,.NET Web Developer Bootcamp ONLINE Java Web Developer Bootcamp ONLINE .NET Web Developer Bootcamp Java Web Developer Bootcamp
Neoland,94 Reviews,Barcelona Madrid,UX/UI Design Bootcamp Full Stack Bootcamp Data Science Bootcamp Master Data Science +2 More
DESIGNATION,91 Reviews,Chicago,18 Week Immersive UX/UI Design Program
Holberton School,89 Reviews,Bogota Cali Medellin New Haven +3 More,Full-Stack Software Engineering
Hyperion Development,85 Reviews,OnlineCape Town Johannesburg London,Data Science Bootcamp Full Stack Web Developer Bootcamp Software Engineering Bootcamp
Coding Temple,83 Reviews,OnlineBoston Chicago Dallas,Full Time JavaScript 10-Week Bootcamp Full Stack Immersive Web Development Full Time Python + Data Science 10-Week Course Online Full Time Python + Data Science 10-Week Course +1 More
devCodeCamp,83 Reviews,Milwaukee,Full Stack Software Development
Wyncode,82 Reviews,Miami,Front End Web Development User Experience & User Interface Design (UX/UI) Immersive Full Stack Web Development Digital Marketing
Noble Desktop,81 Reviews,New York City,Certificate in Data Science UX Design Bootcamp Certificate in Visual Design Adobe Photoshop CC +33 More
Skillcrush,80 Reviews,Online,Wordpress Development Freelance Business Building Visual Design Front End Development +1 More
Devmountain,77 Reviews,Dallas Lehi Lithonia Phoenix,Web Development iOS Development Software QA Testing User Experience Design +2 More
School of IT,77 Reviews,Online,Web Development SQL Courses Graphic Design Course Programming courses
SheCodes,75 Reviews,Lisbon Porto,SheCodes SheCodes Plus
Coding Bootcamp Praha,73 Reviews,Prague,Full Stack Web Development
Code Institute,70 Reviews,OnlineDublin,Diploma in Software Development (Classroom) Diploma in Software Development (Mentored Online) Free 5 Day Coding Challenge Fullstack Coding Bootcamp +1 More
RED Academy,69 Reviews,London Toronto Vancouver,UI Designer Professional - VAN UX Designer Professional - TOR Digital Marketing Professional - VAN Digital Designer Foundation - VAN +26 More
First Step Coding,68 Reviews,OnlineBoston San Francisco,Introduction to Coding in JavaScript Bootcamp Prep
SecureSet Academy,62 Reviews,OnlineColorado Springs Denver Tampa Washington D.C.,CORE Engineering HUNT Analytics SecureSet PREP (In-person or Online) PATH Part Time
Launch Academy,61 Reviews,Boston,18-Week On-Campus JavaScript Immersive Bootcamp
Codeworks,60 Reviews,OnlineAustin Barcelona Berlin London +2 More,Software Engineering Immersive Web Development Immersive Corporate Training
Coder Foundry,60 Reviews,Greensboro,Xamarin Mobile Development Workshop Full-Stack Accelerated Course
NEXT Academy,60 Reviews,Kuala Lumpur Singapore,Full-Stack Web Development Bootcamp Front-End Web Development Bootcamp (Full-Time) Front-End Web Development Remote (Part-time)
Sabio,59 Reviews,OnlineLos Angeles Orange County,Full Stack Web Developer
Turing School of Software and Design,56 Reviews,Denver,Back End Engineering Front End Engineering
DataCamp,55 Reviews,Online,Intro to Python for Data Science Introduction to R
Founders and Coders,55 Reviews,London,Web Development Intensive
The Job Hackers,55 Reviews,San Francisco,Agile Training Class
4Geeks Academy,49 Reviews,Caracas Maracaibo  Miami Santiago,Full Stack Software Development Full Stack Software Development Part Time
Horizons School of Technology,49 Reviews,Boston Philadelphia,Horizons Immersive Software Development Course
Woz U,47 Reviews,Online,Data Science Cyber Security Full Stack Web Development Program
CodingNomads,45 Reviews,OnlineBali,Java + Spring + SQL + AWS + JavaScript - BALI Java Programming - Online Python Programming - Online Python Fullstack Web Development - Bali + Online
Jedha,43 Reviews,Lyon Paris,Fundamentals in Data Science Fullstack Data Science Data Engineering
Developers Institute,43 Reviews,Tel Aviv,Full Stack Coding Bootcamp - Python Full Stack Coding Bootcamp - JavaScript
V School,42 Reviews,OnlineSalt Lake City,Full Stack Javascript Experience Design
DevelopMe_,41 Reviews,Bristol,Front End Development Course (PT 10 Weeks) Coding Fellowship UX Design Course (10 weeks PT evening and weekends)
Helio Training Bootcamp,40 Reviews,OnlineSalt Lake City,UNITY Certified Game Development ONLINE Bootcamp Software QA Testing Immersive UI/UX Design (SLC) Full Stack Web Dev Career Path (After-hours) +3 More
We Can Code IT,40 Reviews,Cleveland Columbus,Cleveland In-Person Coding Bootcamp Columbus In-Person Bootcamp Columbus FlexCode™ Coding Bootcamp Columbus Fullstack JavaScript In-Person Bootcamp
Sales Bootcamp,39 Reviews,Online,Free 1-Week Online Bootcamp Paid 3-Month Fellowship
Mayden Academy,38 Reviews,Bath,The Full Stack Track
Bottega,36 Reviews,OnlineSalt Lake City,Full Stack Development – Python + React.js Front End Development
La Capsule,36 Reviews,Lisbon Lyon Paris,Fullstack JavaScript Web Developer Fullstack JavaScript Web Developer
Alchemy Code Lab,34 Reviews,Portland,Career Track: Devsign Career Track: Python Bootcamp Prep: Intro to Software Development in JavaScript Bootcamp Part One: Fundamentals of Software Development +2 More
Bitmaker General Assembly,33 Reviews,Toronto,Web Development (immersive) Front-End Web Development
UX Design Institute,33 Reviews,Online,Professional Diploma in UX Design
Grace Hopper Program,32 Reviews,OnlineChicago New York City,Bootcamp Prep Software Engineering Immersive
LEARN Academy,32 Reviews,San Diego,Jumpstart Full-time JavaScript
Northcoders,32 Reviews,Leeds Manchester,The Developer Pathway Coding Bootcamp: Leeds
Byte Academy,31 Reviews,OnlineBangalore New York City,Quant - Algos (Part-Time Evening) Python Fullstack Software Development (Full-Time) Python Fullstack Software Development (Part-Time) FinTech (Financial Technology) Full-Time Bootcamp +4 More
Grand Circus,31 Reviews,Detroit Grand Rapids,Java Bootcamp Front-End After-Hours Bootcamp Front-End Bootcamp C# .NET Bootcamp +1 More
Institute of Code,31 Reviews,Bali,Web Development Intensive Social Media & Content Marketing
Rithm School,31 Reviews,San Francisco,Web Development Program
Code Platoon,30 Reviews,OnlineChicago,Web Developer Web Developer Part-Time
React GraphQL Academy,30 Reviews,Amsterdam Lisbon London,1 Week React Redux & GraphQL Bootcamp Part time React Redux and GraphQL
SE Factory,30 Reviews,Beirut,Full Stack Web Development Foundations of Computer Science
Codaisseur,29 Reviews,Amsterdam,Codaisseur Academy
Microverse,29 Reviews,Online,Software Development Program
Austin Coding Academy,28 Reviews,OnlineAustin,211 JavaScript Full Stack (Intermediate) 101 Intro to Web 311 JavaScript Full Stack (Advanced) 221 C# .NET Full Stack (Intermediate) +3 More
Redwood Code Academy,28 Reviews,OnlineOrange County,Full Stack Developer Immersion Part Time Full Stack
Cambridge Spark Ltd,27 Reviews,London,Applied Data Science
The Firehose Project,27 Reviews,Online,Part-Time Full Stack Development Accelerated Full-Stack Web Development
Wild Code School,27 Reviews,Berlin Brussels Bucharest La Loupe +4 More,Web development Data Analysis
Design Sprint School,25 Reviews,Online,Live Online Design Sprint Experience Online Bootcamp (self-paced)
Geekuni,25 Reviews,Online,Perl Essentials Web Development
Green Fox Academy,25 Reviews,Budapest Prague,Junior Developer Course Fast Track Course Part-time Programming Course
Concordia Bootcamps,24 Reviews,Montreal,Full-Stack Immersive Front-End Nights & Weekends
Zip Code Wilmington,24 Reviews,Wilmington,Java Bootcamp
Plataforma 5,22 Reviews,Buenos Aires,Full Stack Web Development Bootcamp
B9lab Academy,22 Reviews,Online,Ethereum Developer Course Ethereum Quality Assurance Engineer Course Blockchain for Professionals Quorum Specialisation Course +3 More
Codify Academy,22 Reviews,OnlineSan Francisco,Front End Development Hybrid (Online & In-person)
Orange County Code School,22 Reviews,Orange County,12 Week Full-Stack Immersive Code Bootcamp
SPICED Academy,22 Reviews,Berlin,Full Stack Web Development Data Science
We Got Coders,22 Reviews,London,Web Developer Fast Track Full-Stack Web Development Graduate Scholarship Women's Workshop
Barcelona Code School,21 Reviews,OnlineBarcelona,JavaScript Full-Stack Online Bootcamp JavaScript Full-Stack Bootcamp Programming with JavaScript UX/UI Design Bootcamp
Codecademy,21 Reviews,Online,Codecademy Pro Codecademy Pro INTENSIVE Pro Intensive: Introduction to Data Analysis
New York Code and Design Academy,21 Reviews,New York City Philadelphia,Web Development 100 Web Development Intensive Evening Javascript Intensive Software Engineering Intensive +3 More
Big Nerd Ranch,20 Reviews,Atlanta,Advanced iOS Android Essentials Accelerated iOS with Swift iOS Essentials with Swift +2 More
FastTrack,20 Reviews,Memphis Nashville,FastTrack Developer Training
Startup Ignition,20 Reviews,Salt Lake City,Entrepreneurship
Viking Code School,20 Reviews,Online,Full Stack Immersive Program Full Stack Flex Program
A4 Machine Learning,19 Reviews,San Francisco,Introductory Machine Learning Advanced Machine Learning
Coder Academy,19 Reviews,Brisbane Melbourne Sydney,Fast Track Bootcamp GenTech Coding Bootcamp Cyber Security Bootcamp
Codeup,19 Reviews,Dallas San Antonio,Full-Stack Web Development Data Science
Eleven Fifty Coding Academy,19 Reviews,Indianapolis,Intro to Coding Microsoft .NET SmartStart Program JavaScript SmartStart Program
Suncoast Developers Guild,19 Reviews,Tampa,Web Development Program
Data Science Retreat,18 Reviews,Berlin,Data Science Immersive
NetCom Learning,18 Reviews,OnlineLas Vegas New York City Washington D.C.,Tableau Desktop Level 2: Intermediate Analyzing Data with Power BI Data Warehousing on AWS AWS Technical Essentials +145 More
Code Belgium,18 Reviews,OnlineBrussels,Fullstack Software Engineering BootCamp Remote Software Engineering Program
Code Chrysalis,18 Reviews,Tokyo,THE IMMERSIVE BOOTCAMP FOUNDATIONS JOB LEAP
CoderSchool,18 Reviews,Ho Chi Minh,iOS (Swift) in Saigon Ruby in Sai Gon React Native in Sai Gon Android in Sai Gon
Coded,17 Reviews,Kuwait City,Full Stack Web Development (Part-time)
Hackbright Academy,17 Reviews,Oakland San Francisco San Jose,12 Week Full-Time Software Engineering Program 24 Week - Part-Time Software Engineering Program Hackbright Prep Course
OpenClassrooms,17 Reviews,Online,iOS Developer Ruby Developer Product Manager Front-End Developer +3 More
Product Faculty,17 Reviews,Toronto,Advanced Product Management
Promotable,17 Reviews,OnlineChicago Washington D.C.,Data Analytics Product Management Data Jump Start Python 101 for Data Science
Web Dev Camp,17 Reviews,Antskog,Web Dev Camp
Momentum,16 Reviews,Raleigh-Durham,Software Engineering Immersive Coding Foundations
Tortuga Coders,16 Reviews,Koh Samui,Tortuga Coders 9-week Web Development Program
Tradecraft,16 Reviews,San Francisco,Product Design Growth Business Development & Sales
Bit Degree,15 Reviews,Online,Space Doggos - Interactive Learning Solidity Course For Beginners Learn PHP Online: PHP Basics Explained in an Interactive PHP Tutorial Learn Solidity: The Ultimate Solidity Course To Kickstart Your Career Cryptocurrency Investment Opportunity May 2018 +6 More
Kal Academy,15 Reviews,Seattle,Bootcamp Program
ALPHA Camp,14 Reviews,OnlineSingapore,Full-time Full-Stack Web Development Part-time Digital Marketing Online Web Development Bootcamp - Intro Module Online Web Development Bootcamp - Foundation Module
Game Art Institute,14 Reviews,Online,Game Artist Bootcamp AR/VR and Game Development Bootcamps
MUKTEK Academy,14 Reviews,Mexico City,JavaScript Full-Stack
VIVADATA,14 Reviews,Paris,Full-Stack Data Science Deep Learning (advanced)
Prime Digital Academy,13 Reviews,Kansas City Minneapolis,Full Stack Engineering User Experience Design
Blockgeeks,13 Reviews,Online,Ethereum Accelerated Program Hyperledger Accelerator Program
Origin Code Academy,13 Reviews,San Diego,Full Stack Javascript
Burlington Code Academy,12 Reviews,Burlington Hartford,Web Development Bootcamp
Covalence,12 Reviews,Online,Catalyst: Full-Time Full Stack Development Bootcamp Molecular: Part-Time Full Stack Development Bootcamp
Elbrus Coding Bootcamp,12 Reviews,Moscow,Full-Stack Development
Evolve Machine Learners,12 Reviews,Jakarta Lahore,Introduction to Machine Learning Become a Machine Learning Engineer
One Month,12 Reviews,Online,One Month Python One Month HTML One Month Rails
Studytheblockchain,12 Reviews,Online,Professional Blockchain Developer Certification
WeCloudData,11 Reviews,Toronto,Applied Data Science and Big Data Diploma Program
Beginex,10 Reviews,New York City,UX program based on real projects with real social good clients (12-wk part-time)
San Diego Code School,10 Reviews,San Diego,FULL-STACK WEB DEVELOPMENT CERTIFICATE PROGRAM Prep Course
Treehouse,10 Reviews,Online,Front End Web Development Techdegree Full Stack JavaScript Techdegree iOS with SWIFT Techdegree
Ada Developers Academy,9 Reviews,Seattle,Ada Developers Academy
CodeClan,9 Reviews,Edinburgh Glasgow Inverness,Professional Software Development Data Analysis Full Stack Development
Inventive Academy,9 Reviews,Austin,Full Stack Immersive with Node
Project Shift,9 Reviews,Raleigh-Durham,Immersive Fullstack Software Engineering Fellowship
Pursuit,9 Reviews,New York City,Full-stack Web Development iOS Mobile Development
Starter League,9 Reviews,Chicago,Starter School Web Development
UT Austin Boot Camps,9 Reviews,OnlineAustin,Full-Time Coding Boot Camp Part-Time Coding Boot Camp Part-Time UX/UI Boot Camp Data Analytics and Visualization Boot Camp +3 More
Beach Coders,8 Reviews,Los Angeles,CodeWave™ - Front End Web Development Ultimate UX™ - User Experience Design Codewave.JS™ BlockWave™
Northwestern Boot Camps,8 Reviews,Chicago Evanston,Part-Time Data Science Boot Camp Part-Time Full-Stack Web Development Boot Camp Full-Time Full-Stack Web Development Boot Camp Part-Time Cybersecurity Boot Camp +1 More
School of Accelerated Learning,8 Reviews,Hyderabad,Full Stack Web Development
42 School,7 Reviews,Silicon Valley,42 Program @ 42 Silicon Valley Intensive Basic Training @ 42 Silicon Valley
AlwaysHired,7 Reviews,San Francisco,Tech Sales Bootcamp
Bogotá Bootcamp,7 Reviews,Bogota,Fullstack Web Development Bootcamp (DAY CLASS) Fullstack Intro Course (Ruby on Rails) Fullstack Night Course (Ruby on Rails)
DevPoint Labs,7 Reviews,Salt Lake City,Full Stack Web Development (Part-time) Full Stack Web Development (Full-time) UX Design
Kickstart Coding,7 Reviews,Oakland,Kickstart Full Stack Program
The Hacking School,7 Reviews,Hyderabad,Full Stack Web Development
DesignerUp,7 Reviews,Online,Freelancer to Paidlancer Product (UI/UX) Design Master Course
CodeOp,6 Reviews,Barcelona Kuala Lumpur,Full Stack Development Big Data Engineering Full Stack Development (part-time) Data Analytics (part-time)
Coding Experiences,6 Reviews,Playa del Carmen,Full Stack Web Developer Digital Marketing
DaVinci Coders,6 Reviews,Denver,Web Development with JavaScript Web Development with Python Video Game Development (C# Unity) Web Development with Ruby on Rails
Destination Dev,6 Reviews,Medellin,Web Development Immersive
Developer Bootcamp,6 Reviews,Online,Java Programmer Bootcamp Linux System Administrator Bootcamp Master SQL Server Developer Bootcamp SQL Server Administrator Bootcamp +7 More
GrowthX Academy,6 Reviews,OnlineSan Francisco,Growth Marketing Sales & Business Development UX Design
InternStreet,6 Reviews,Online,Digital Marketing Front-End Web Development UX Design
Tech Career Booster,6 Reviews,Online,Full-Stack Web Developer
UC San Diego Extension Boot Camps,6 Reviews,San Diego,Part-Time Data Science Boot Camp Part-Time Full-Stack Web Development Boot Camp Part-Time Cybersecurity Boot Camp Full-Time Full-Stack Web Development Boot Camp
Accelerate Tech Learning,5 Reviews,Kansas City,Full Stack Developer
Boot Camp Digital,5 Reviews,OnlineChicago Miami San Francisco Washington D.C.,4 Day Digital Marketing Boot Camp Digital Marketing Certification
Code Career Academy,5 Reviews,OnlineAtlanta,Full-Stack Web Development Full-Time Full-Stack Web Development Part-Time Website Design & Development Full-Stack Web - Silver Tier +1 More
Programming 101,5 Reviews,Online,Coding Bootcamp Prep
Turn To Tech,5 Reviews,New York City,Intro to iOS Development with Swift (part-time evening hours) Professional Penetration Tester Intro to Android Development with Java (part-time evening hours) Cyber Security Risk Management +1 More
UofT SCS Boot Camps,5 Reviews,OnlineToronto,Part-Time Web Development Boot Camp Part-Time Data Analytics Boot Camp Part-Time Cybersecurity Boot Camp Part-Time Online Data Analytics Boot Camp +1 More
Boolean Careers,5 Reviews,Online,Full Stack Web Developer
Carolina Code School,4 Reviews,Greenville,Web Development Immersive
Coder Space,4 Reviews,Liverpool,WebDev Boot Camp
Impact Byte,4 Reviews,Jakarta,Full Stack JavaScript
Nashville Software School,4 Reviews,Nashville,Part-Time Full Stack Web Development Bootcamp (C#.NET) Data Science Bootcamp Full-Time Full Stack Web Development Bootcamp (C#/.NET) Data Analytics Bootcamp +2 More
School of Code Bootcamp,4 Reviews,Full-Stack JavaScript Coding Bootcamp
Skillspire,4 Reviews,Bellevue,Full Stack Web Development Data Analytics
Udemy,4 Reviews,Online,Everything
WeThinkCode_,4 Reviews,Cape Town Johannesburg,Software Engineering
AllWomen,4 Reviews,Barcelona,Product Management Part time: UX / UI Design Part time Data Science Part time Data Science Immersive
10x org il,3 Reviews,Tel Aviv,SuperBootcamp
Academy X,3 Reviews,Los Angeles San Francisco,HTML Fundamentals HTML/CSS Fundamentals
Faculty,3 Reviews,London,ASI Data Science & Engineering Fellowship
Berkeley Boot Camps,3 Reviews,OnlineBelmont Berkeley San Francisco,Part-Time Full-Stack Web Development Boot Camp Full-Time Full-Stack Web Development Boot Camp Part-Time Data Analytics and Visualization Boot Camp Part-Time UX/UI Boot Camp +4 More
Code Cloud,3 Reviews,Online,Primium Mentored Course
CodeCore Bootcamp,3 Reviews,Vancouver,AWS For Developers CodeCore Developer Bootcamp CodeCore Fundamentals
Codemaster Institute,3 Reviews,Perth,Codemaster 12 week Web Software Development Bootcamp
Code Remote,3 Reviews,Bali,Full Stack Python Developer
Data Society,3 Reviews,Online,Introduction to R and Visualization Interactive Visualizations Clustering and Finding Patterns Regression and Time Series Analysis +6 More
Devtree Academy,3 Reviews,Sandpoint,Intro to Coding (Prep Course) Full-Stack JavaScript
Function Camp,3 Reviews,Online,Fullstack Javascript Developer
Jaaga,3 Reviews,Online,Software Development
Kenzie Academy,3 Reviews,Indianapolis,FRONT-END WEB DEVELOPER TRACK
Principal Analytics Prep,3 Reviews,New York City,Data Analytics
Simpliv,3 Reviews,Online,Learn Python Programming - Easy as Pie | Simpliv Spark for Data Science with Python | Simpliv Machine Learning NLP & Python-Cut to the Chase | Simpliv Image Processing Applications on Raspberry Pi - From Scratch | Simpliv +24 More
SoftStack Factory,3 Reviews,San Diego,SoftStack Factory: 4 Phase Program
UC Irvine Boot Camps,3 Reviews,Irvine,Part-Time Full Stack Web Development Boot Camp Part-Time Data Analytics Boot Camp Part-Time UX/UI Boot Camp Full-Time Full Stack Web Development Boot Camp +2 More
University of Arizona Boot Camps,3 Reviews,OnlinePhoenix,Part-Time Web Development Boot Camp Full-Time Web Development Boot Camp Part-Time Data Analytics Boot Camp Full-Stack Web Development (Online) Part-Time
Untapped Code Academy,3 Reviews,Cincinnati,Full Stack Web Development
Vanderbilt University Boot Camps,3 Reviews,Nashville,Full-Stack Web Development (Online) Part-Time Part-Time Data Analytics Boot Camp Part-Time Cybersecurity Boot Camp Part-Time Full-Stack Web Development Boot Camp +2 More
Magnimind Academy,3 Reviews,OnlineSunnyvale,Introduction to Data Science Bootcamp Distributed ML with Apache Spark Mini Bootcamp Introduction to Python Mini Bootcamp Machine Learning Core Principles and Application Mini Bootcamp +11 More
IE Exponential Learning,3 Reviews,Madrid,Data Science Bootcamp Digital Marketing Social Media And Analytics: An Omnichannel Strategy
Bethel School of Technology,3 Reviews,Online,Full Stack Web Development Data Science UX/UI Design
All Star Code,2 Reviews,New York City Pittsburgh,Summer Intensive
Coders Lab,2 Reviews,Katowice Łódź Poznań Warsaw +1 More,Back-End Developer: Python JavaScript Developer: React Back-End Developer: PHP Java Developer: Web +7 More
Real Time College,2 Reviews,Tel Aviv,Real-Time & Embedded Linux Boot-Camp
2020Shift,2 Reviews,New York City,Product Design
23 Code Street,2 Reviews,London,Web Development Foundation
AltCampus,2 Reviews,Full Stack Web Development Frontend Web development
Asia Dev Academy,2 Reviews,Kuala Lumpur,Full Stack Web Development iOS Mobile Application Development Android Application Development
Awesome Inc U,2 Reviews,Lexington,Web Developer Bootcamp
Bit Bootcamp,2 Reviews,New York City,Java C# or C++ SQL
City Internships,2 Reviews,London Los Angeles New York City,GLOBAL ACCELERATOR PROGRAM: Coding & Design Summer 2017
Coderversity,2 Reviews,Online,C# Group Course Introduction to C# Programming Course Salesforce Cloud Development (Java/Apex)
codeschool,2 Reviews,Online,Javascript Best Practices Try IOS
Craft Academy,2 Reviews,OnlineGothenburg Stockholm,Craft Academy's 12-week intensive coding bootcamp
Developers In Vogue,2 Reviews,Accra,Web Development Fellowship
Elewa Bootcamps,2 Reviews,Brussels,Fullstack Node.js
Georgia Tech Boot Camps,2 Reviews,Atlanta Savannah,Part-Time Cyber and Network Security Boot Camp Part-Time Full-Stack Web Development Boot Camp Full-Time Full-Stack Web Development Boot Camp Part-Time Data Science and Analytics Boot Camp +1 More
K2 Data Science,2 Reviews,Online,Data Science Bootcamp
Launch School,2 Reviews,Online,Rapid Prototyping with Ruby on Rails Build Production Quality Applications Introduction to Ruby and Web Development
Mobile Academy,2 Reviews,Bucharest,iOS Essentials Android Essentials Building Mobile applications with web technologies (Ionic + Angular 2) Automated Testing for Mobile
Nexul Academy,2 Reviews,St. Louis,Full-time Web Development Immersive Program Part-time Web Development Immersive Program
NYC Career Centers,2 Reviews,New York City,Beginner SQL Intermediate SQL Advanced SQL SQL Bootcamp +4 More
Refcode,2 Reviews,Atlanta,Intro to Professional Web Development
Rutgers Bootcamps,2 Reviews,Jersey City Somerset,Full-Stack Web Development Bootcamp - Part Time Full-Stack Web Development Bootcamp - Full Time Data Science Bootcamp and Visualization
Sputnik,2 Reviews,London,UX Mastery Development Master
Texas A&M University - Kingsville Bootcamps,2 Reviews,Online,Cybersecurity Bootcamp Full Stack Web Development Bootcamp Data Science Bootcamp Data Analytics & Visualization
The Blockchain Academy,2 Reviews,Online,Blockchain Developers Boot Camp
thenexgencoders,2 Reviews,Online,ServiceNow Bootcamp
University of Miami Bootcamp Powered by HackerU,2 Reviews,Coral Gables,Cyber Security Professional Program Cyber Security Ethical Hacking Bootcamp
Upscale Academy,2 Reviews,OnlineLos Angeles,Part-time Program | 38 weeks Immersive Full stack | 14 weeks
UW Professional Continuing Education,2 Reviews,OnlineBellevue,CERTIFICATE IN C# PROGRAMMING
Academy,1 Reviews,Stockholm,JAVA & C # .NET C / C ++
Washington University Boot Camps,1 Reviews,St. Louis,Part-Time Data Analytics Part-Time Cybersecurity Boot Camp
Baker College,1 Reviews,Online,MBA in Business Intelligence
Codeasy,1 Reviews,Online,Codeasy C# Elementary Course Codeasy C# Beginner Course Codeasy C# programming course
CODEBASE,1 Reviews,Savannah,iOS Training Lab
CODE Berlin,1 Reviews,Berlin,Bachelor of Arts in Software Engineering Bachelor of Arts in Product Management Bachelor of Arts in Interaction Design
Cultivating Coders,1 Reviews,Las Cruces,Learn MEAN (Full Stack Web Development)
CVCC Coding Bootcamp,1 Reviews,Cleveland,Part-Time Full-Stack JavaScript
Data Application Lab,1 Reviews,OnlineLos Angeles,Data Scientist Bootcamp Business Analyst Bootcamp
EDIT Disruptive Digital Education,1 Reviews,Lisbon Madrid Porto,Digital Marketing & Strategy UX&UI Design Front-end & Responsive Web Development Digital Art Direction & Creativity +2 More
GreyCampus,1 Reviews,OnlineAtlanta Austin Boston Charlotte +12 More,Lean Six Sigma Black Belt Training & Certification - Live-Online Training PMP Certification Training - Live-Online Training Lean Six Sigma Green Belt Training & Certification - Live-Online Training Lean Six Sigma Green & Black Belt Training & Certification Combo - Live-Online Training +7 More
GW Boot Camps,1 Reviews,Arlington Washington D.C.,Full-Time Full-Stack Web Development Boot Camp Part-Time Full-Stack Web Development Boot Camp Part-Time Data Analytics Boot Camp Cybersecurity +1 More
iD Tech,1 Reviews,Ann Arbor Atlanta Austin Baltimore +61 More,Coding Camps for Teens Coding Camps for Kids & Teens
Mindteck Academy,1 Reviews,Online,Hadoop Spark and Scala DevOps-- Weekday Classes AWS - Weekday Classes
NYIM Training,1 Reviews,New York City,SQL Bootcamp Excel for Business Bootcamp Excel for Business Fundamentals Intermediate Excel for Business +9 More
Portland Code School,1 Reviews,Portland,JavaScript Immersion Program Ruby on Rails Development Bootcamp
Seattle U Coding Bootcamp,1 Reviews,Seattle,Graduate Certificate in Business Analytics
Seattle U Web Development Certificate,1 Reviews,Seattle,Foundations of the Web Introduction to Web Development Introduction to JavaScript Programming for the Web Introduction to Servers and Hosting +4 More
Simplilearn,1 Reviews,Online,Data Scientist Master Program Cyber Security Certification Training
Smart Factory,1 Reviews,Minneapolis,Intro to Ruby on Rails Mobile App Design Intro to iOS Intro to Android +1 More
Techtonica,1 Reviews,San Francisco,Apprenticeship
TK2 Academy,1 Reviews,Fort Lauderdale,Android Development iOS Development Web Development
UC Berkeley Data Science,1 Reviews,Berkeley,Data Science
UCF Boot Camps,1 Reviews,OnlineOrlando,Part-Time Full-Stack Web Development Boot Camp Full-Time Full-Stack Web Development Boot Camp Part-Time Digital Marketing Boot Camp Full-Stack Web Development (Online) Part-Time +1 More
USC Viterbi Data Analytics Boot Camp Affiliated with Trilogy Education,1 Reviews,Los Angeles,The Data Analytics Boot Camp
Vvork Cloud Technologies,1 Reviews,Lahore,Full Stack Development
Wagner College Bootcamps,1 Reviews,Online,Web Development Bootcamp Cybersecurity Bootcamp Data Science Bootcamp Data Analytics & Visualization
Platform by Per Scholas,0 Reviews,Dallas New York City,Data Engineering Application Developer Quality Engineering
Playcrafting,0 Reviews,San Francisco,Learn Unreal in 8 Weeks Learn Unity in 8 Weeks
T1CG Academy,0 Reviews,Baltimore College Park Columbia Washington D.C.,Web Development
The Valley DBS,0 Reviews,Barcelona Madrid,Executive Program in Digital Marketing
UC Davis Boot Camps,0 Reviews,Davis Sacramento,Part-Time Data Analytics Boot Camp Part-Time Full-Stack Web Development Boot Camp Part-Time Cybersecurity Boot Camp Part-Time Digital Marketing Boot Camp
Butler Executive Education Data Analytics Boot Camp,0 Reviews,Indianapolis,Part-Time Data Analytics Boot Camp
UCI x Flatiron School Web Development Program,0 Reviews,Online,HTML + CSS Development Procedural Programming in Ruby Object Oriented Programming in Ruby Web + Database Frameworks +5 More
edX,0 Reviews,Online,Introduction to Python Programming Data Science Introduction to Java Programming Python for Data Science +5 More
Practicum by Yandex,21 Reviews,Online,Front-End Developer Data Analyst Data Scientist Web Developer
Desafio Latam,0 Reviews,Cordoba Santiago,Full Stack Ruby on Rails - Part time Full Stack Ruby on Rails Bootcamp Data Science - Part time Front-End - Part time +2 More
Academic Work Academy,0 Reviews,C# .NET Intensive Bootcamp
Ahyoxsoft Java Bootcamp,0 Reviews,Lagos,Java Platform Standard Edition (Java SE) Java Platform Enterprise Edition (Java EE) Android Mobile Platform
AlbanyCanCode,0 Reviews,Albany,Front-End Development
Alliance for Digital Employability,0 Reviews,Java Development
ALT-U,0 Reviews,Dallas,iOS Master iOS Journeyman iOS Apprentice
Arkansas Coding Academy,0 Reviews,Conway,Java Development
Basecamp,0 Reviews,OnlineBratislava,Real Data Science in Python Data Science in Python (self-paced) BaseCamp.ai
BBK Bootcamp,0 Reviews,Bilbao,Full Stack Developer .NET
BIG DIVE,0 Reviews,Turin,BIG DIVE 7 BIG DIVE into DataViz
Big Sky Code Academy,0 Reviews,OnlineBillings Bozeman Missoula,Digital Marketing Web Development
Bitesize UX,0 Reviews,Online,UX Challenge Course - RunBuddy
BlackBelt Coding,0 Reviews,Miami,Coding Ninja
Boulder Digital Arts,0 Reviews,Boulder,UI/UX Design In-Depth Intensive Digital Marketing and Social Media In-Depth Intensive Video Editing & Motion Graphics In-Depth Intensive Web Design In-Depth Intensive +4 More
Bridge,0 Reviews,Toronto,Front End Development
Case Western Reserve University Boot Camps,0 Reviews,Cleveland,Part-Time Data Analytics Boot Camp Part-Time Full-Stack Web Development Boot Camp Part-Time Cybersecurity Boot Camp
City Colleges of Chicago Coding Bootcamp,0 Reviews,Chicago,CCC iOS Coding Boot Camp
Codam,0 Reviews,Amsterdam,Coding College
CODEcamp Charleston,0 Reviews,Charleston,C++ 101 Web Basics 102 JavaScript 101 PHP 101 +15 More
Code Chicago,0 Reviews,Chicago,Mobile HTML5/CSS/Javascript Game Design 101 3D Modeling: using Maya Intro to Java and Android Mobile Intro to Graphic Design +3 More
CodeClub,0 Reviews,Los Angeles,HTML5 CCS3 JavaScript Knockout.js jQuery
Code Crew Code School,0 Reviews,Memphis,Full Stack Full Time Software Development Bootcamp
Code District,0 Reviews,Los Angeles,Full Stack Web Development Full-Time Evening Course React Weekend
Code Fever,0 Reviews,Miami,Coding Bootcamp
CodeSpace,0 Reviews,Cape Town,Web Development Intensive Web Development Extended
Code Union,0 Reviews,San Francisco,Fundamentals of Web Development Rails TDD and Professional Engineering Topics in Computer Science SQL Deep-Dive & Metrics
Codexplore,0 Reviews,Costa Rica,Full Stack Web Development
Coding Autism,0 Reviews,Online,Part-time Online Python & React Full-time Online Python & React
CodingSchool at ThoughtSTEM,0 Reviews,San Diego,Computer Science
Computational Thinkers,0 Reviews,Honolulu,Unity Game Design
Craftsmanship Academy,0 Reviews,Raleigh-Durham,Craftsmanship Academy
Crashcode,0 Reviews,Hartford,Beginner Web Development
CyberWarrior Academy,0 Reviews,Boston,Cyber Security Bootcamp
Dev/Iowa Bootcamp,0 Reviews,Iowa City,Fullstack Development Course
Digital Citizen,0 Reviews,Miami,TECHNOLOGY BOOTCAMP
Digital Class,0 Reviews,Brisbane Melbourne Perth Sydney,Wordpress Training SEO Training Photoshop Training
Divergence Academy,0 Reviews,Dallas,Data Science Immersive
Dojo Dev Camp,0 Reviews,Provo,Web Development
EHD Academy,0 Reviews,London,Frontend Foundations The Internet of Things
GCU Bootcamp,0 Reviews,Phoenix,Certificate of Completion in Java Programming
Generation Code,0 Reviews,Washington D.C.,Web Development 1 Robotics
GoIT,0 Reviews,Online,GoJava
Goodwin College Scale Academy,0 Reviews,Philadelphia,Web Design Concepts and Development
Hack a BOS,0 Reviews,A Coruna,Full-stack Javascript Bootcamp
Houston Coding Academy,0 Reviews,Houston,ACA Remote 101 Intro to Web
i2 Labs Academy,0 Reviews,Miami,Cyber Security Bootcamp Web Development Bootcamp
ICanCode,0 Reviews,Rochester,Java Fullstack Development Javascript Fullstack Development
ICBootcamp,0 Reviews,Online,FullTime Online Immersive
IKIGAI DOJO,0 Reviews,Manila,Manila Coding Bootcamp
ikigaiHub,0 Reviews,Bangalore,Full Stack Web Development Bootcamp Digital Marketing Expert Bootcamp
iKompass,0 Reviews,Singapore,Software/Web Development Foundation Course Big Data/Data Science Foundation Course
IntelliX Software Training,0 Reviews,Columbus,FastTrack: ETL Development Using Informatica
iNVASIVECODE,0 Reviews,Barcelona Los Angeles San Francisco,Advanced iOS Bootcamp
iTek Institute,0 Reviews,Online,Microsoft C-sharp Language for Intermediates
ITHAKAI,0 Reviews,Online,UX Design Intensive Program (Mentorship Plan)
KeepCoding,0 Reviews,Madrid,Bootcamp Big Data and Machine Learning Bootcamp Mobile Bootcamp Programming from cero Bootcamp Web
KMMX,0 Reviews,Mexico City,JS BACK-END DEVELOPER BOOTCAMP JS FRONT-END DEVELOPER BOOTCAMP PYTHON BOOTCAMP SCRUM BOOTCAMP +1 More
Logit Data Science,0 Reviews,Los Angeles,Data Science Immersive Training
Marylhurst University Coding Bootcamp,0 Reviews,Marylhurst,Web and Mobile Development Certificate
Midwest Hacker School,0 Reviews,Omaha,Hacker School
MissionU,0 Reviews,San Francisco,Data Analytics + Business Intelligence
NexGenT,0 Reviews,Online,Zero to Engineer
nTier Training,0 Reviews,Atlanta,.NET
Palm Beach Code School,0 Reviews,Palm Beach,WEB DEVELOPER PROGRAM - Part Time Evening WEB DEVELOPER PROGRAM - Part Time Day IOS/MOBILE DEVELOPER PROGRAM DIGITAL MARKETING PROGRAM
Parallax Code Academy,0 Reviews,Albuquerque,iOS Bootcamp
Penn Boot Camps,0 Reviews,OnlinePhiladelphia,Full-Stack Flex Web Development Boot Camp (Part-Time) Full-Stack Flex Web Development Boot Camp (Full-Time) Full-Stack Flex Web Development Online Boot Camp (Part-Time) Part-Time Cybersecurity Boot Camp
Pluralsight,0 Reviews,Online,Software Development IT Ops Security
preHIRED,0 Reviews,Online,Science-Based Sales
ProCoders,0 Reviews,Leeds,Full-Stack Web Development (Remote/Leeds) (Full-time/part-time)
Queens Tech Academy,0 Reviews,New York City,Mobile Development Web Development and Design
Refactory,0 Reviews,Online,Online Remote Immersive
Revature,0 Reviews,OnlineAdelphi New York City,University of Maryland University College + Revature RevaturePro Online UNIVERSITY OF MISSOURI + Revature CUNY + Revature
Rezchool,0 Reviews,Amsterdam,Webdeveloper
Rice University Boot Camps,0 Reviews,Houston,Part-Time FinTech Boot Camp Part-Time Data Analytics Boot Camp Part-Time Cybersecurity Boot Camp Full-Time Full Stack Web Development Boot Camp
San Diego Global Knowledge University,0 Reviews,Online,Full Stack Development Immersive
Simplon,0 Reviews,Paris,Web Mobile Dev
Skills Abroad,0 Reviews,Chiang Mai Hanoi Kaohsiung City Kuala Lumpur,Front End Web Development
SMU Boot Camps,0 Reviews,Dallas,Part-Time Full-Stack Web Development Program Part-Time Data Science Program Full-Time Full-Stack Web Development Program Part-Time Financial Technology Boot Camp
Spectrum,0 Reviews,Hong Kong,Data Science Foundations Data Analytics
Sun Training Center,0 Reviews,Miami,Coding for Today Cyber-Security
Supacoderz,0 Reviews,London,4 Week Intensive
Talentbuddy,0 Reviews,Online,Front-End Web Development Full-Stack Web Development
Tech901,0 Reviews,Memphis,Code 1.0
TechLaunch,0 Reviews,Miami,Web Developer Cyber Security Network Technician
Tecnológico de Monterrey Boot Camps,0 Reviews,Mexico City Monterrey,Part-Time Full-Stack Web Development Boot Camp Part-Time Data Analytics Boot Camp
the Clubhouse,0 Reviews,Augusta,Fullstack Web Development
The Coded,0 Reviews,Online,App Factory
The Computer Workshop,0 Reviews,OnlineColumbus,Full Stack Learn To Code Bootcamp Introduction to Programming Ruby Fundamentals
The Den,0 Reviews,Silicon Valley,Blockchain Professional Developer Bootcamp
The Shkola,0 Reviews,Moscow,Web Development
The Valley Bootcamp,0 Reviews,Bangalore,Machine Learning + Python Development
Thomas Edison State College,0 Reviews,Trenton,MBA in Data Analytics
Zuitt,0 Reviews,Manila,Full-Stack Web Development Training - Day Class Full-Stack Web Development Training - Night Class
UNC-Chapel Hill Boot Camps,0 Reviews,Chapel Hill Raleigh-Durham,Part-Time Full-Stack Web Development Boot Camp Part-Time Data Analytics
UNH Coding Boot Camp,0 Reviews,Manchester,Part-Time Full-Stack Web Development Boot Camp
UNIT Factory,0 Reviews,Kiev,Full-stack Web Development
University of Denver Boot Camps,0 Reviews,OnlineDenver,Full-Time Full-Stack Web Development Boot Camp Part-Time Full-Stack Web Development Boot Camp Part-Time Data Analytics Boot Camp Full-Stack Web Development (Online) Part-Time +2 More
University of Minnesota Boot Camps,0 Reviews,Minneapolis,Full-Time Web Development Boot Camp Part-Time Web Development Boot Camp Part-Time Data Visualization and Analytics Boot Camp Part-Time Cybersecurity Boot Camp
University of Oregon Boot Camps,0 Reviews,Portland,Part-Time Full-Stack Web Development Boot Camp Part-Time Data Analytics Boot Camp Part-Time Cybersecurity Boot Camp
University of Utah Professional Education Boot Camps,0 Reviews,OnlineSalt Lake City,Part-Time Cybersecurity Boot Camp Part-Time Full-Stack Web Development Boot Camp Part-Time Full Stack Web Development (Online) Boot Camp
University of Washington Coding Boot Camp,0 Reviews,Seattle,Part-Time Full-Stack Web Development Boot Camp
UP Academy,0 Reviews,Lisbon,JAVA Starter Academy .NET STARTER Academy
Upload,0 Reviews,Los Angeles San Francisco,Intro to VR Development VR Development with Unity Night Course
Houston Coding Boot Camp,0 Reviews,Houston,Part-Time Full-Stack Web Development Boot Camp
UW Extended Campus Coding Boot Camp,0 Reviews,Milwaukee,Full-Stack Web Development (Online) Part-Time
WebsiteSetup,0 Reviews,Online,WordPress Expert
Wichita State University Coding Bootcamp,0 Reviews,Online,Object Oriented Programming — C# .NET Bootcamp Object Oriented Programming — Java
York College CUNY Continuing and Professional Education Center,0 Reviews,New York City,Certified Web Developer Certified Associate in Project Management IT Security Certification
NOVA Data School,0 Reviews,Washington D.C.,Practical Data Science
Reify Academy,0 Reviews,Online,Start With Basics (Fast Pace) Create Your MVP (Fast Pace) Create Your MVP (Slow Pace) Start With Basics (Slow Pace)
Education Ecosystem,0 Reviews,Online,Programming
Optimal Test Bootcamp,0 Reviews,Kirkland,Full Stack Web Development
UConn Coding Boot Camp,0 Reviews,Stamford,Part-Time Full Stack Web Development Boot Camp
University of San Diego Coding Bootcamp,0 Reviews,Online,Full Stack Web Development Data Science Bootcamp
University of Tennessee at Chattanooga Boot Camp,0 Reviews,Online,Full Stack Flex Bootcamp
QuickStart,0 Reviews,Online,Cybersecurity Bootcamp Prep Full Stack Web Development Bootcamp Prep
Kennesaw State University Boot Camp,0 Reviews,Kennesaw,Full-Stack Flex
DEVrepublik,0 Reviews,Kiev,Data Science Automation QA Business Analysis
UpgradeHub,0 Reviews,Madrid,Full Stack Developer Bootcamp Full Stack Developer Part-Time UX/UI Designer Bootcamp UX/UI Developer Part-Time +2 More
DataScientest,38 Reviews,OnlineParis,Data Analyst Data Scientist Data Engineer Machine Learning Engineer
Carleton University Coding Boot Camp,0 Reviews,Ottawa,Part-Time Full Stack Web Development Boot Camp
ESMT Berlin Coding Boot Camp,0 Reviews,Berlin,Part-Time Full Stack Web Development Boot Camp
California State University Long Beach Cybersecurity Professional Program Powered by HackerU,0 Reviews,Long Beach,Cybersecurity Professional Program Ethical Hacking Program
American University Cybersecurity Professional Program Powered by HackerU,0 Reviews,Washington D.C.,Cybersecurity Professional Certificate Ethical Hacking Professional Certificate
sourceU,0 Reviews,Portland,Web Development Cybersecurity
Flow State Academy,0 Reviews,OnlineJohannesburg,Software Engineering Bootcamp
Vertical Institute,0 Reviews,Singapore,Data Analytics Bootcamp Cybersecurity Bootcamp
Reboot Academy,0 Reviews,Las Palmas,Full Stack Web Developer Full Time Bootcamp Full Stack Web Developer Part Time Bootcamp
WBS Coding School,0 Reviews,Berlin,Full-Stack Web & App Developer
The University of Texas at Austin McCombs School of Business,0 Reviews,Online,Post Graduate Program in Data Science and Business Analytics Post Graduate Program in Artificial Intelligence & Machine Learning
Knowledge Officer,1 Reviews,Online,Product Management Career Accelerator
Gen Infiniti Academy,0 Reviews,Singapore,Wiley Certified Data Analyst Unity Certified Associate
CodeSquad,0 Reviews,Dorchester,Full-Stack Web Development
